mehdi;founounou;homme;060000000;mehdi@gmail.com;2;miashs
dana;planes;femme;060000000;mehdi@gmail.com;2;miashs
lina;nouar;femme;060000000;mehdi@gmail.com;2;miashs
fatimatou;cisse;femme;060000000;mehdi@gmail.com;2;miashs
juliette;levy;femme;060000000;mehdi@gmail.com;2;miashs
gankplank;bilgwater;femme;060000000;mehdi@gmail.com;2;miashs
leo;brossin;homme;060000000;mehdi@gmail.com;2;miashs
olivier;giroud;homme;060000000;mehdi@gmail.com;2;miashs
oceane;prunevielle;femme;060000000;mehdi@gmail.com;2;miashs
guy;delajungle;homme;060000000;mehdi@gmail.com;2;miashs
olive;couteau;homme;060000000;mehdi@gmail.com;2;miashs